Palabra clave,Google Dificultad Palabra Clave,# de búsquedas,Impresiones,CTR,Visibilidad radiofonics.com,Visibilidad atresmediaformacion.com,Visibilidad 35mm.es,Visibilidad institutortve.com,Visibilidad escuelaunidadeditorial.es,Visibilidad euroinnova.edu.es,Visibilidad unisport.es,Visibilidad fundacioncope.com,Visibilidad escuela.elpais.com,CPC prom.,CPC mín.,Grupo Palabra Clave,CPC máx.,Posición en Google radiofonics.com,Posición en Google atresmediaformacion.com,Posición en Google 35mm.es,Posición en Google institutortve.com,Posición en Google escuelaunidadeditorial.es,Posición en Google euroinnova.edu.es,Posición en Google unisport.es,Posición en Google fundacioncope.com,Posición en Google escuela.elpais.com,Google URL encontrada radiofonics.com,Google URL encontrada atresmediaformacion.com,Google URL encontrada 35mm.es,Google URL encontrada institutortve.com,Google URL encontrada escuelaunidadeditorial.es,Google URL encontrada euroinnova.edu.es,Google URL encontrada unisport.es,Google URL encontrada fundacioncope.com,Google URL encontrada escuela.elpais.com,Cambio de 3 meses (Tendencia),Competencia
radiofonics trafalgar,32.4,N/D,N/D,N/D,100%,0%,0%,0%,0%,0%,0%,0%,0%,N/D,N/D,Marca,N/D,1,No está entre las primeras 20,No está entre las primeras 20,No está entre las primeras 20,No está entre las primeras 20,No está entre las primeras 20,No está entre las primeras 20,No está entre las primeras 20,No está entre las primeras 20,https://radiofonics.com/,,,,,,,,,N/D,N/D
curs de locució barcelona,11.6,N/D,N/D,N/D,75%,0%,0%,0%,0%,0%,0%,0%,0%,N/D,N/D,Podcast & Locución,N/D,1,No está entre las primeras 20,No está entre las primeras 20,No está entre las primeras 20,No está entre las primeras 20,No está entre las primeras 20,No está entre las primeras 20,No está entre las primeras 20,No está entre las primeras 20,https://radiofonics.com/curs-de-locucio-radio/,,,,,,,,,N/D,N/D
curs de periodisme del cor i entreteniment barcelona,21.6,N/D,N/D,N/D,99%,0%,0%,0%,0%,0%,0%,0%,0%,N/D,N/D,"Periodismo, TV y Reporterismo",N/D,1,No está entre las primeras 20,No está entre las primeras 20,No está entre las primeras 20,No está entre las primeras 20,No está entre las primeras 20,No está entre las primeras 20,No está entre las primeras 20,No está entre las primeras 20,https://radiofonics.com/curs-de-periodisme-del-cor-i-entreteniment/,,,,,,,,,N/D,N/D
escola de ràdio barcelona,19.1,N/D,N/D,N/D,98%,0%,0%,0%,0%,0%,0%,0%,0%,N/D,N/D,Cursos de Radio,N/D,2,No está entre las primeras 20,No está entre las primeras 20,No está entre las primeras 20,No está entre las primeras 20,No está entre las primeras 20,No está entre las primeras 20,No está entre las primeras 20,No está entre las primeras 20,https://radiofonics.com/curs-de-radio-musical/,,,,,,,,,N/D,N/D
curs radio,26.9,10,3,33.3%,85%,0%,0%,0%,0%,0%,0%,0%,0%,N/D,N/D,Cursos de Radio,N/D,19,No está entre las primeras 20,No está entre las primeras 20,No está entre las primeras 20,No está entre las primeras 20,No está entre las primeras 20,No está entre las primeras 20,No está entre las primeras 20,No está entre las primeras 20,https://radiofonics.com/curs-de-radio-per-a-joves/,,,,,,,,,0,Bajo
curs de televisió informativa barcelona,19.1,N/D,N/D,N/D,100%,58%,0%,0%,0%,0%,0%,0%,0%,N/D,N/D,"Periodismo, TV y Reporterismo",N/D,1,15,No está entre las primeras 20,No está entre las primeras 20,No está entre las primeras 20,No está entre las primeras 20,No está entre las primeras 20,No está entre las primeras 20,No está entre las primeras 20,https://radiofonics.com/curs-de-televisio-informativa/,https://www.atresmediaformacion.com/curso/tecnicas-de-presentacion-en-television/,,,,,,,,N/D,N/D
estudio audiovisual barcelona radiofonics,25.2,N/D,N/D,N/D,100%,0%,0%,0%,0%,0%,0%,0%,0%,N/D,N/D,Alquiler Estudios,N/D,1,No está entre las primeras 20,No está entre las primeras 20,No está entre las primeras 20,No está entre las primeras 20,No está entre las primeras 20,No está entre las primeras 20,No está entre las primeras 20,No está entre las primeras 20,https://radiofonics.com/en/communication-courses-in-barcelona/,,,,,,,,,N/D,N/D
master comunicacion radiofonics,26.7,N/D,N/D,N/D,100%,16%,0%,0%,0%,0%,0%,0%,0%,N/D,N/D,Máster 360,N/D,1,12,No está entre las primeras 20,No está entre las primeras 20,No está entre las primeras 20,No está entre las primeras 20,No está entre las primeras 20,No está entre las primeras 20,No está entre las primeras 20,https://radiofonics.com/en/communication-courses-in-barcelona/,https://www.atresmediaformacion.com/masters/,,,,,,,,N/D,N/D
media training barcelona,17.9,N/D,N/D,N/D,38%,0%,0%,0%,0%,0%,0%,0%,0%,N/D,N/D,Cursos de Radio,N/D,7,No está entre las primeras 20,No está entre las primeras 20,No está entre las primeras 20,No está entre las primeras 20,No está entre las primeras 20,No está entre las primeras 20,No está entre las primeras 20,No está entre las primeras 20,https://radiofonics.com/en/communication-courses-in-barcelona/,,,,,,,,,N/D,N/D
radiofonics,35.2,390,1010,55.1%,100%,0%,0%,0%,0%,0%,0%,0%,0%,$2.34,$1.44,Marca,$3.24,1,No está entre las primeras 20,No está entre las primeras 20,No está entre las primeras 20,No está entre las primeras 20,No está entre las primeras 20,No está entre las primeras 20,No está entre las primeras 20,No está entre las primeras 20,https://radiofonics.com/en/communication-courses-in-barcelona/,,,,,,,,,+380,Bajo
radiofònics,34.9,480,156,49.4%,100%,0%,0%,0%,0%,0%,0%,0%,0%,N/D,N/D,Marca,N/D,1,No está entre las primeras 20,No está entre las primeras 20,No está entre las primeras 20,No está entre las primeras 20,No está entre las primeras 20,No está entre las primeras 20,No está entre las primeras 20,No está entre las primeras 20,https://radiofonics.com/en/communication-courses-in-barcelona/,,,,,,,,,+890,Bajo
radiofonics barcelona,41.7,N/D,N/D,N/D,100%,0%,0%,0%,0%,0%,0%,0%,0%,N/D,N/D,Máster 360;Marca,N/D,1,No está entre las primeras 20,No está entre las primeras 20,No está entre las primeras 20,No está entre las primeras 20,No está entre las primeras 20,No está entre las primeras 20,No está entre las primeras 20,No está entre las primeras 20,https://radiofonics.com/en/communication-courses-in-barcelona/,,,,,,,,,N/D,N/D
radiofonics curs de ràdio,30.4,N/D,N/D,N/D,100%,0%,0%,0%,0%,0%,0%,0%,0%,N/D,N/D,Máster 360;Cursos de Radio,N/D,1,No está entre las primeras 20,No está entre las primeras 20,No está entre las primeras 20,No está entre las primeras 20,No está entre las primeras 20,No está entre las primeras 20,No está entre las primeras 20,No está entre las primeras 20,https://radiofonics.com/en/communication-courses-in-barcelona/,,,,,,,,,N/D,N/D
radiofonics cursos,30.5,N/D,N/D,N/D,100%,0%,0%,0%,0%,0%,0%,0%,0%,N/D,N/D,Máster 360;Marca,N/D,1,No está entre las primeras 20,No está entre las primeras 20,No está entre las primeras 20,No está entre las primeras 20,No está entre las primeras 20,No está entre las primeras 20,No está entre las primeras 20,No está entre las primeras 20,https://radiofonics.com/en/communication-courses-in-barcelona/,,,,,,,,,N/D,N/D
radiofonics escuela,37.1,N/D,N/D,N/D,100%,0%,0%,0%,0%,0%,0%,0%,0%,N/D,N/D,Marca,N/D,1,No está entre las primeras 20,No está entre las primeras 20,No está entre las primeras 20,No está entre las primeras 20,No está entre las primeras 20,No está entre las primeras 20,No está entre las primeras 20,No está entre las primeras 20,https://radiofonics.com/en/communication-courses-in-barcelona/,,,,,,,,,N/D,N/D
radiofonics formacion audiovisual,31.7,N/D,N/D,N/D,100%,0%,0%,0%,0%,0%,0%,0%,0%,N/D,N/D,"Máster 360;Periodismo, TV y Reporterismo",N/D,1,No está entre las primeras 20,No está entre las primeras 20,No está entre las primeras 20,No está entre las primeras 20,No está entre las primeras 20,No está entre las primeras 20,No está entre las primeras 20,No está entre las primeras 20,https://radiofonics.com/en/communication-courses-in-barcelona/,,,,,,,,,N/D,N/D
radiofonics madrid,28.9,20,53,56.6%,75%,0%,0%,0%,0%,0%,0%,0%,0%,$2.55,$1.34,Máster 360;Marca,$3.77,1,No está entre las primeras 20,No está entre las primeras 20,No está entre las primeras 20,No está entre las primeras 20,No está entre las primeras 20,No está entre las primeras 20,No está entre las primeras 20,No está entre las primeras 20,https://radiofonics.com/en/communication-courses-in-barcelona/,,,,,,,,,+30,Bajo
barcelona podcast studio,12.4,10,23,4.3%,28%,0%,0%,0%,0%,0%,0%,0%,0%,N/D,N/D,Alquiler Estudios,N/D,8,No está entre las primeras 20,No está entre las primeras 20,No está entre las primeras 20,No está entre las primeras 20,No está entre las primeras 20,No está entre las primeras 20,No está entre las primeras 20,No está entre las primeras 20,https://radiofonics.com/en/corporate-podcast-record-in-a-professional-studio-in-barcelona/,,,,,,,,,+10,Alto
estudio podcast barcelona,8.1,40,34,5.9%,47%,0%,0%,0%,0%,0%,0%,0%,0%,$2.24,$1.10,Alquiler Estudios,$3.38,18,No está entre las primeras 20,No está entre las primeras 20,No está entre las primeras 20,No está entre las primeras 20,No está entre las primeras 20,No está entre las primeras 20,No está entre las primeras 20,No está entre las primeras 20,https://radiofonics.com/en/corporate-podcast-record-in-a-professional-studio-in-barcelona/,,,,,,,,,+20,Alto
podcast studio barcelona,12.4,50,56,1.8%,58%,0%,0%,0%,0%,0%,0%,0%,0%,$2.18,$1.10,Alquiler Estudios,$3.25,9,No está entre las primeras 20,No está entre las primeras 20,No está entre las primeras 20,No está entre las primeras 20,No está entre las primeras 20,No está entre las primeras 20,No está entre las primeras 20,No está entre las primeras 20,https://radiofonics.com/en/corporate-podcast-record-in-a-professional-studio-in-barcelona/,,,,,,,,,0,Alto
alquilar estudio de grabacion de podcast barcelona,7.6,N/D,N/D,N/D,51%,0%,0%,0%,0%,0%,0%,0%,0%,N/D,N/D,Alquiler Estudios,N/D,16,No está entre las primeras 20,No está entre las primeras 20,No está entre las primeras 20,No está entre las primeras 20,No está entre las primeras 20,No está entre las primeras 20,No está entre las primeras 20,No está entre las primeras 20,https://radiofonics.com/es/alquilar-estudio-audiovisual-barcelona/,,,,,,,,,N/D,N/D
como ser presentador de tv,32.5,10,37,8.1%,72%,28%,0%,0%,0%,0%,0%,0%,0%,N/D,N/D,"Periodismo, TV y Reporterismo",N/D,3,No está entre las primeras 20,No está entre las primeras 20,No está entre las primeras 20,No está entre las primeras 20,No está entre las primeras 20,No está entre las primeras 20,No está entre las primeras 20,No está entre las primeras 20,https://radiofonics.com/es/consejos-para-entrar-a-trabajar-en-television-como-presentador-de-tv/,,,,,,,,,0,Medio
curs de creació de pòdcast barcelona,23.9,N/D,N/D,N/D,100%,0%,0%,0%,0%,0%,0%,0%,0%,N/D,N/D,Podcast & Locución,N/D,1,No está entre las primeras 20,No está entre las primeras 20,No está entre las primeras 20,No está entre las primeras 20,No está entre las primeras 20,No está entre las primeras 20,No está entre las primeras 20,No está entre las primeras 20,https://radiofonics.com/es/curso-creacion-podcast/,,,,,,,,,N/D,N/D
curs de podcast barcelona,19.5,N/D,N/D,N/D,100%,0%,0%,0%,0%,0%,0%,0%,0%,N/D,N/D,Podcast & Locución,N/D,1,No está entre las primeras 20,No está entre las primeras 20,No está entre las primeras 20,No está entre las primeras 20,No está entre las primeras 20,No está entre las primeras 20,No está entre las primeras 20,No está entre las primeras 20,https://radiofonics.com/es/curso-creacion-podcast/,,,,,,,,,N/D,N/D
curso creacion de podcast barcelona,24.2,N/D,N/D,N/D,97%,0%,0%,0%,0%,0%,0%,0%,0%,N/D,N/D,Podcast & Locución,N/D,1,No está entre las primeras 20,No está entre las primeras 20,No está entre las primeras 20,No está entre las primeras 20,No está entre las primeras 20,No está entre las primeras 20,No está entre las primeras 20,No está entre las primeras 20,https://radiofonics.com/es/curso-creacion-podcast/,,,,,,,,,N/D,N/D
curso de podcast barcelona,21.4,N/D,N/D,N/D,75%,0%,0%,0%,0%,0%,0%,0%,0%,N/D,N/D,Podcast & Locución,N/D,1,No está entre las primeras 20,No está entre las primeras 20,No está entre las primeras 20,No está entre las primeras 20,No está entre las primeras 20,No está entre las primeras 20,No está entre las primeras 20,No está entre las primeras 20,https://radiofonics.com/es/curso-creacion-podcast/,,,,,,,,,N/D,N/D
curso de podcasting,35.9,20,42,4.8%,58%,0%,0%,0%,0%,0%,0%,0%,21%,$1.97,$1.13,Podcast & Locución,$2.80,16,No está entre las primeras 20,No está entre las primeras 20,No está entre las primeras 20,No está entre las primeras 20,No está entre las primeras 20,No está entre las primeras 20,No está entre las primeras 20,No está entre las primeras 20,https://radiofonics.com/es/curso-creacion-podcast/,,,,,,,,,+10,Alto
curso grabar podcast barcelona,17.8,N/D,N/D,N/D,75%,0%,0%,0%,0%,0%,0%,0%,0%,N/D,N/D,Podcast & Locución,N/D,1,No está entre las primeras 20,No está entre las primeras 20,No está entre las primeras 20,No está entre las primeras 20,No está entre las primeras 20,No está entre las primeras 20,No está entre las primeras 20,No está entre las primeras 20,https://radiofonics.com/es/curso-creacion-podcast/,,,,,,,,,N/D,N/D
curso locucion para podcast barcelona,12.6,N/D,N/D,N/D,95%,45%,0%,0%,0%,0%,0%,0%,0%,N/D,N/D,Podcast & Locución,N/D,1,3,No está entre las primeras 20,No está entre las primeras 20,No está entre las primeras 20,No está entre las primeras 20,No está entre las primeras 20,No está entre las primeras 20,No está entre las primeras 20,https://radiofonics.com/es/curso-creacion-podcast/,https://www.atresmediaformacion.com/curso/la-radio-musical-secretos-locucion-y-realizacion/,,,,,,,,N/D,N/D
cursos de podcast,32.7,40,34,5.9%,36%,0%,0%,0%,0%,0%,0%,0%,32%,$1.55,$0.82,Podcast & Locución,$2.29,15,No está entre las primeras 20,No está entre las primeras 20,No está entre las primeras 20,No está entre las primeras 20,No está entre las primeras 20,No está entre las primeras 20,No está entre las primeras 20,17,https://radiofonics.com/es/curso-creacion-podcast/,,,,,,,,https://escuela.elpais.com/talleres/podcast-en-linea/,0,Alto
cursos podcast,34.0,50,14,7.1%,62%,0%,0%,0%,0%,0%,0%,0%,56%,$1.55,$0.84,Podcast & Locución,$2.26,11,No está entre las primeras 20,No está entre las primeras 20,No está entre las primeras 20,No está entre las primeras 20,No está entre las primeras 20,No está entre las primeras 20,No está entre las primeras 20,18,https://radiofonics.com/es/curso-creacion-podcast/,,,,,,,,https://escuela.elpais.com/talleres/podcast-en-linea/,+30,Alto
podcast comunicacion barcelona,28.5,N/D,N/D,N/D,60%,0%,0%,0%,0%,0%,0%,0%,0%,N/D,N/D,Podcast propio,N/D,5,No está entre las primeras 20,No está entre las primeras 20,No está entre las primeras 20,No está entre las primeras 20,No está entre las primeras 20,No está entre las primeras 20,No está entre las primeras 20,No está entre las primeras 20,https://radiofonics.com/es/curso-creacion-podcast/,,,,,,,,,N/D,N/D
podcast radiofonics,31.3,N/D,N/D,N/D,100%,0%,0%,0%,0%,0%,0%,0%,0%,N/D,N/D,Podcast propio,N/D,1,No está entre las primeras 20,No está entre las primeras 20,No está entre las primeras 20,No está entre las primeras 20,No está entre las primeras 20,No está entre las primeras 20,No está entre las primeras 20,No está entre las primeras 20,https://radiofonics.com/es/curso-creacion-podcast/,,,,,,,,,N/D,N/D
academia de radio barcelona,14.3,N/D,N/D,N/D,98%,0%,0%,0%,0%,0%,0%,0%,0%,N/D,N/D,Cursos de Radio,N/D,3,No está entre las primeras 20,No está entre las primeras 20,No está entre las primeras 20,No está entre las primeras 20,No está entre las primeras 20,No está entre las primeras 20,No está entre las primeras 20,No está entre las primeras 20,https://radiofonics.com/es/curso-de-locucion-radio/,,,,,,,,,N/D,N/D
curso de locucion,18.8,140,399,0.8%,43%,0%,0%,0%,0%,0%,0%,0%,0%,$3.68,$1.49,Cursos de Radio,$5.86,7,No está entre las primeras 20,No está entre las primeras 20,No está entre las primeras 20,No está entre las primeras 20,No está entre las primeras 20,No está entre las primeras 20,No está entre las primeras 20,No está entre las primeras 20,https://radiofonics.com/es/curso-de-locucion-radio/,,,,,,,,,0,Alto
curso de locucion de radio,21.9,110,110,0.9%,84%,0%,9%,0%,0%,0%,0%,0%,0%,$3.09,$1.29,Cursos de Radio,$4.89,5,No está entre las primeras 20,No está entre las primeras 20,No está entre las primeras 20,No está entre las primeras 20,No está entre las primeras 20,No está entre las primeras 20,No está entre las primeras 20,No está entre las primeras 20,https://radiofonics.com/es/curso-de-locucion-radio/,,,,,,,,,-30,Alto
curso de locución de radio,20.9,110,37,2.7%,88%,0%,0%,0%,0%,0%,0%,0%,0%,$3.09,$1.29,Cursos de Radio,$4.89,4,No está entre las primeras 20,No está entre las primeras 20,No está entre las primeras 20,No está entre las primeras 20,No está entre las primeras 20,No está entre las primeras 20,No está entre las primeras 20,No está entre las primeras 20,https://radiofonics.com/es/curso-de-locucion-radio/,,,,,,,,,-30,Alto
curso de locucion en radio,22.0,110,69,1.4%,73%,0%,0%,0%,0%,0%,0%,0%,0%,$3.09,$1.29,Cursos de Radio,$4.89,2,No está entre las primeras 20,No está entre las primeras 20,No está entre las primeras 20,No está entre las primeras 20,No está entre las primeras 20,No está entre las primeras 20,No está entre las primeras 20,No está entre las primeras 20,https://radiofonics.com/es/curso-de-locucion-radio/,,,,,,,,,-30,Alto
curso de locutor de radio,20.8,110,158,0.6%,88%,0%,0%,0%,0%,0%,0%,0%,0%,$3.09,$1.29,Cursos de Radio,$4.89,6,No está entre las primeras 20,No está entre las primeras 20,No está entre las primeras 20,No está entre las primeras 20,No está entre las primeras 20,No está entre las primeras 20,No está entre las primeras 20,No está entre las primeras 20,https://radiofonics.com/es/curso-de-locucion-radio/,,,,,,,,,-30,Alto
curso locucion,21.3,90,275,0.4%,63%,0%,0%,0%,0%,0%,0%,0%,0%,$2.41,$1.08,Cursos de Radio,$3.73,12,No está entre las primeras 20,No está entre las primeras 20,No está entre las primeras 20,No está entre las primeras 20,No está entre las primeras 20,No está entre las primeras 20,No está entre las primeras 20,No está entre las primeras 20,https://radiofonics.com/es/curso-de-locucion-radio/,,,,,,,,,-40,Alto
curso locucion barcelona,12.3,10,N/D,N/D,95%,0%,0%,0%,0%,0%,0%,0%,0%,$5.65,$2.09,Podcast & Locución,$9.22,1,No está entre las primeras 20,No está entre las primeras 20,No está entre las primeras 20,No está entre las primeras 20,No está entre las primeras 20,No está entre las primeras 20,No está entre las primeras 20,No está entre las primeras 20,https://radiofonics.com/es/curso-de-locucion-radio/,,,,,,,,,0,Alto
curso locucion de radio barcelona,10.0,N/D,N/D,N/D,100%,43%,0%,0%,0%,0%,0%,0%,0%,N/D,N/D,Podcast & Locución,N/D,1,5,No está entre las primeras 20,No está entre las primeras 20,No está entre las primeras 20,No está entre las primeras 20,No está entre las primeras 20,No está entre las primeras 20,No está entre las primeras 20,https://radiofonics.com/es/curso-de-locucion-radio/,https://www.atresmediaformacion.com/curso/la-radio-musical-secretos-locucion-y-realizacion/,,,,,,,,N/D,N/D
curso locucion radio,24.5,20,97,2.1%,70%,0%,0%,0%,0%,0%,0%,0%,0%,$3.06,$1.16,Cursos de Radio,$4.96,4,No está entre las primeras 20,No está entre las primeras 20,No está entre las primeras 20,No está entre las primeras 20,No está entre las primeras 20,No está entre las primeras 20,No está entre las primeras 20,No está entre las primeras 20,https://radiofonics.com/es/curso-de-locucion-radio/,,,,,,,,,+10,Medio
curso locutor de radio,21.1,110,165,2.4%,88%,0%,0%,0%,0%,0%,0%,0%,0%,$3.09,$1.29,Cursos de Radio,$4.89,4,No está entre las primeras 20,No está entre las primeras 20,No está entre las primeras 20,No está entre las primeras 20,No está entre las primeras 20,No está entre las primeras 20,No está entre las primeras 20,No está entre las primeras 20,https://radiofonics.com/es/curso-de-locucion-radio/,,,,,,,,,-30,Alto
curso locutor de radio barcelona,10.0,10,N/D,N/D,100%,43%,0%,0%,0%,0%,0%,0%,0%,N/D,N/D,Cursos de Radio,N/D,1,No está entre las primeras 20,No está entre las primeras 20,No está entre las primeras 20,No está entre las primeras 20,No está entre las primeras 20,No está entre las primeras 20,No está entre las primeras 20,No está entre las primeras 20,https://radiofonics.com/es/curso-de-locucion-radio/,,,,,,,,,0,Alto
cursos locutor de radio,22.1,110,41,2.4%,87%,0%,22%,0%,0%,0%,0%,0%,0%,$3.09,$1.29,Cursos de Radio,$4.89,3,No está entre las primeras 20,No está entre las primeras 20,No está entre las primeras 20,No está entre las primeras 20,No está entre las primeras 20,No está entre las primeras 20,No está entre las primeras 20,No está entre las primeras 20,https://radiofonics.com/es/curso-de-locucion-radio/,,,,,,,,,-30,Alto
escuela de locucion barcelona,13.1,N/D,N/D,N/D,68%,0%,0%,0%,0%,0%,0%,0%,0%,N/D,N/D,Podcast & Locución,N/D,4,No está entre las primeras 20,No está entre las primeras 20,No está entre las primeras 20,No está entre las primeras 20,No está entre las primeras 20,No está entre las primeras 20,No está entre las primeras 20,No está entre las primeras 20,https://radiofonics.com/es/curso-de-locucion-radio/,,,,,,,,,N/D,N/D
estudiar locucion,18.0,20,155,0.0%,59%,0%,28%,0%,0%,0%,0%,0%,0%,$4.14,$1.55,Cursos de Radio,$6.73,15,No está entre las primeras 20,No está entre las primeras 20,No está entre las primeras 20,No está entre las primeras 20,No está entre las primeras 20,No está entre las primeras 20,No está entre las primeras 20,No está entre las primeras 20,https://radiofonics.com/es/curso-de-locucion-radio/,,,,,,,,,0,Alto
extraescolares radio barcelona,40.3,N/D,N/D,N/D,9%,0%,0%,0%,0%,0%,0%,0%,0%,N/D,N/D,Cursos de Radio,N/D,20,No está entre las primeras 20,No está entre las primeras 20,No está entre las primeras 20,No está entre las primeras 20,No está entre las primeras 20,No está entre las primeras 20,No está entre las primeras 20,No está entre las primeras 20,https://radiofonics.com/es/curso-de-locucion-radio/,,,,,,,,,N/D,N/D
taller locucion,18.1,10,14,7.1%,56%,0%,0%,0%,0%,0%,0%,0%,0%,N/D,N/D,Cursos de Radio,N/D,17,No está entre las primeras 20,No está entre las primeras 20,No está entre las primeras 20,No está entre las primeras 20,No está entre las primeras 20,No está entre las primeras 20,No está entre las primeras 20,No está entre las primeras 20,https://radiofonics.com/es/curso-de-locucion-radio/,,,,,,,,,+10,Alto
curso locucion madrid,12.7,30,24,12.5%,62%,0%,0%,0%,0%,0%,0%,0%,0%,$3.02,$1.07,Cursos de Radio,$4.97,7,No está entre las primeras 20,No está entre las primeras 20,No está entre las primeras 20,No está entre las primeras 20,No está entre las primeras 20,No está entre las primeras 20,No está entre las primeras 20,No está entre las primeras 20,https://radiofonics.com/es/curso-de-locucion-y-creacion-de-podcast/,,,,,,,,,-10,Alto
escuela radiofonics,35.6,N/D,N/D,N/D,88%,0%,0%,0%,0%,0%,0%,0%,0%,N/D,N/D,Máster 360;Marca,N/D,15,No está entre las primeras 20,No está entre las primeras 20,No está entre las primeras 20,No está entre las primeras 20,No está entre las primeras 20,No está entre las primeras 20,No está entre las primeras 20,No está entre las primeras 20,https://radiofonics.com/es/curso-de-locucion-y-creacion-de-podcast/,,,,,,,,,N/D,N/D
curso de radio humor y entretenimiento,24.7,N/D,N/D,N/D,100%,68%,0%,0%,0%,0%,0%,0%,0%,N/D,N/D,Cursos de Radio,N/D,1,5,No está entre las primeras 20,No está entre las primeras 20,No está entre las primeras 20,No está entre las primeras 20,No está entre las primeras 20,No está entre las primeras 20,No está entre las primeras 20,https://radiofonics.com/es/curso-de-radio-de-humor-y-entretenimiento/,https://www.atresmediaformacion.com/curso/la-radio-musical-secretos-locucion-y-realizacion/,,,,,,,,N/D,N/D
curso radio humor,27.7,N/D,N/D,N/D,98%,68%,0%,0%,0%,0%,0%,0%,0%,N/D,N/D,Cursos de Radio,N/D,2,7,No está entre las primeras 20,No está entre las primeras 20,No está entre las primeras 20,No está entre las primeras 20,No está entre las primeras 20,No está entre las primeras 20,No está entre las primeras 20,https://radiofonics.com/es/curso-de-radio-de-humor-y-entretenimiento/,https://www.atresmediaformacion.com/curso/la-radio-musical-secretos-locucion-y-realizacion/,,,,,,,,N/D,N/D
curso de radio deportiva barcelona,22.6,N/D,N/D,N/D,100%,31%,0%,0%,0%,0%,65%,0%,0%,N/D,N/D,Cursos de Radio,N/D,1,No está entre las primeras 20,No está entre las primeras 20,No está entre las primeras 20,No está entre las primeras 20,No está entre las primeras 20,3,No está entre las primeras 20,No está entre las primeras 20,https://radiofonics.com/es/curso-de-radio-deportiva/,,,,,,https://unisport.es/experto-comunicacion-deportiva/,,,N/D,N/D
curso narracion deportiva,15.6,10,40,2.5%,77%,0%,0%,0%,71%,0%,28%,0%,0%,$2.15,$0.66,Cursos de Radio,$3.63,16,No está entre las primeras 20,No está entre las primeras 20,No está entre las primeras 20,6,No está entre las primeras 20,No está entre las primeras 20,No está entre las primeras 20,No está entre las primeras 20,https://radiofonics.com/es/curso-de-radio-deportiva/,,,,https://www.escuelaunidadeditorial.es/cursos/periodismo-deportivo/narracion-deportiva,,,,,0,Alto
curso narrador deportivo barcelona,21.7,N/D,N/D,N/D,93%,63%,0%,0%,54%,0%,63%,0%,0%,N/D,N/D,Cursos de Radio,N/D,6,5,No está entre las primeras 20,No está entre las primeras 20,18,No está entre las primeras 20,3,No está entre las primeras 20,No está entre las primeras 20,https://radiofonics.com/es/curso-de-radio-deportiva/,https://www.atresmediaformacion.com/curso/informacion-comunicacion-deportiva-tv-presencial/,,,https://www.escuelaunidadeditorial.es/cursos/periodismo-deportivo/narracion-deportiva,,https://unisport.es/experto-comunicacion-deportiva/,,,N/D,N/D
curso radio deportiva barcelona,20.5,N/D,N/D,N/D,100%,53%,0%,0%,0%,0%,63%,0%,0%,N/D,N/D,Cursos de Radio,N/D,1,8,No está entre las primeras 20,No está entre las primeras 20,No está entre las primeras 20,No está entre las primeras 20,3,No está entre las primeras 20,No está entre las primeras 20,https://radiofonics.com/es/curso-de-radio-deportiva/,https://www.atresmediaformacion.com/curso/informacion-comunicacion-deportiva-tv-presencial/,,,,,https://unisport.es/experto-comunicacion-deportiva/,,,N/D,N/D
curso de radio informativa barcelona,16.2,N/D,N/D,N/D,99%,0%,0%,0%,0%,0%,0%,0%,0%,N/D,N/D,Cursos de Radio,N/D,1,No está entre las primeras 20,No está entre las primeras 20,No está entre las primeras 20,No está entre las primeras 20,No está entre las primeras 20,No está entre las primeras 20,No está entre las primeras 20,No está entre las primeras 20,https://radiofonics.com/es/curso-de-radio-informativa-y-magazin/,,,,,,,,,N/D,N/D
curso guion radiofonico,34.7,N/D,N/D,N/D,79%,0%,0%,0%,0%,0%,0%,0%,0%,N/D,N/D,Cursos de Radio,N/D,15,No está entre las primeras 20,No está entre las primeras 20,No está entre las primeras 20,No está entre las primeras 20,No está entre las primeras 20,No está entre las primeras 20,No está entre las primeras 20,No está entre las primeras 20,https://radiofonics.com/es/curso-de-radio-informativa-y-magazin/,,,,,,,,,N/D,N/D
campamento radio barcelona,17.6,N/D,N/D,N/D,14%,0%,0%,0%,0%,0%,0%,0%,0%,N/D,N/D,Cursos de Radio,N/D,14,No está entre las primeras 20,No está entre las primeras 20,No está entre las primeras 20,No está entre las primeras 20,No está entre las primeras 20,No está entre las primeras 20,No está entre las primeras 20,No está entre las primeras 20,https://radiofonics.com/es/curso-de-radio-musical/,,,,,,,,,N/D,N/D
curso de radio musical barcelona,18.0,N/D,N/D,N/D,100%,72%,0%,0%,0%,0%,0%,0%,0%,N/D,N/D,Cursos de Radio,N/D,1,2,No está entre las primeras 20,No está entre las primeras 20,No está entre las primeras 20,No está entre las primeras 20,No está entre las primeras 20,No está entre las primeras 20,No está entre las primeras 20,https://radiofonics.com/es/curso-de-radio-musical/,https://www.atresmediaformacion.com/curso/la-radio-musical-secretos-locucion-y-realizacion/,,,,,,,,N/D,N/D
curso de radio para jovenes barcelona,18.2,N/D,N/D,N/D,100%,0%,0%,0%,0%,0%,0%,0%,0%,N/D,N/D,Cursos de Radio,N/D,1,No está entre las primeras 20,No está entre las primeras 20,No está entre las primeras 20,No está entre las primeras 20,No está entre las primeras 20,No está entre las primeras 20,No está entre las primeras 20,No está entre las primeras 20,https://radiofonics.com/es/curso-de-radio-para-jovenes/,,,,,,,,,N/D,N/D
curso radio jovenes barcelona,21.5,N/D,N/D,N/D,100%,0%,0%,0%,0%,0%,0%,0%,0%,N/D,N/D,Cursos de Radio,N/D,1,No está entre las primeras 20,No está entre las primeras 20,No está entre las primeras 20,No está entre las primeras 20,No está entre las primeras 20,No está entre las primeras 20,No está entre las primeras 20,No está entre las primeras 20,https://radiofonics.com/es/curso-de-radio-para-jovenes/,,,,,,,,,N/D,N/D
curs de ràdio barcelona,14.9,N/D,N/D,N/D,100%,0%,0%,0%,0%,0%,0%,0%,0%,N/D,N/D,Cursos de Radio,N/D,1,No está entre las primeras 20,No está entre las primeras 20,No está entre las primeras 20,No está entre las primeras 20,No está entre las primeras 20,No está entre las primeras 20,No está entre las primeras 20,No está entre las primeras 20,https://radiofonics.com/es/curso-intensivo-de-radio/,,,,,,,,,N/D,N/D
curso de radio,25.6,90,111,3.6%,90%,45%,0%,0%,0%,0%,0%,0%,0%,$2.07,$0.90,Cursos de Radio,$3.24,7,No está entre las primeras 20,No está entre las primeras 20,No está entre las primeras 20,No está entre las primeras 20,No está entre las primeras 20,No está entre las primeras 20,No está entre las primeras 20,No está entre las primeras 20,https://radiofonics.com/es/curso-intensivo-de-radio/,,,,,,,,,0,Alto
curso de radio barcelona,16.1,N/D,N/D,N/D,100%,0%,0%,0%,0%,0%,0%,0%,0%,N/D,N/D,Cursos de Radio,N/D,1,No está entre las primeras 20,No está entre las primeras 20,No está entre las primeras 20,No está entre las primeras 20,No está entre las primeras 20,No está entre las primeras 20,No está entre las primeras 20,No está entre las primeras 20,https://radiofonics.com/es/curso-intensivo-de-radio/,,,,,,,,,N/D,N/D
curso radio,18.1,50,109,0.9%,88%,48%,0%,0%,0%,0%,0%,0%,0%,$1.99,$1.18,Cursos de Radio,$2.80,8,No está entre las primeras 20,No está entre las primeras 20,No está entre las primeras 20,No está entre las primeras 20,No está entre las primeras 20,No está entre las primeras 20,No está entre las primeras 20,No está entre las primeras 20,https://radiofonics.com/es/curso-intensivo-de-radio/,,,,,,,,,0,Medio
cursos de radio,23.1,90,114,1.8%,89%,0%,0%,0%,0%,0%,0%,0%,0%,$2.07,$0.90,Cursos de Radio,$3.24,10,No está entre las primeras 20,No está entre las primeras 20,No está entre las primeras 20,No está entre las primeras 20,No está entre las primeras 20,No está entre las primeras 20,No está entre las primeras 20,No está entre las primeras 20,https://radiofonics.com/es/curso-intensivo-de-radio/,,,,,,,,,0,Alto
curso verano radio barcelona,13.8,N/D,N/D,N/D,100%,13%,0%,0%,0%,0%,0%,0%,0%,N/D,N/D,Cursos de Radio,N/D,1,16,No está entre las primeras 20,No está entre las primeras 20,No está entre las primeras 20,No está entre las primeras 20,No está entre las primeras 20,No está entre las primeras 20,No está entre las primeras 20,https://radiofonics.com/es/curso-intensivo-de-radio/,https://www.atresmediaformacion.com/cursos/,,,,,,,,N/D,N/D
escuela de radio barcelona,18.1,N/D,N/D,N/D,100%,0%,0%,0%,0%,0%,0%,0%,0%,N/D,N/D,Cursos de Radio,N/D,1,No está entre las primeras 20,No está entre las primeras 20,No está entre las primeras 20,No está entre las primeras 20,No está entre las primeras 20,No está entre las primeras 20,No está entre las primeras 20,No está entre las primeras 20,https://radiofonics.com/es/curso-intensivo-de-radio/,,,,,,,,,N/D,N/D
escuela de radio y television barcelona,21.4,N/D,N/D,N/D,94%,62%,0%,0%,0%,0%,0%,0%,0%,N/D,N/D,Cursos de Radio,N/D,3,6,No está entre las primeras 20,No está entre las primeras 20,No está entre las primeras 20,No está entre las primeras 20,No está entre las primeras 20,No está entre las primeras 20,No está entre las primeras 20,https://radiofonics.com/es/curso-intensivo-de-radio/,https://www.atresmediaformacion.com/,,,,,,,,N/D,N/D
curs de televisió magazín barcelona,17.5,N/D,N/D,N/D,100%,68%,0%,0%,0%,0%,0%,0%,0%,N/D,N/D,"Periodismo, TV y Reporterismo",N/D,1,4,No está entre las primeras 20,No está entre las primeras 20,No está entre las primeras 20,No está entre las primeras 20,No está entre las primeras 20,No está entre las primeras 20,No está entre las primeras 20,https://radiofonics.com/es/curso-presentador-television/,https://www.atresmediaformacion.com/curso/tecnicas-de-presentacion-en-television/,,,,,,,,N/D,N/D
curso presentador tv barcelona,17.5,N/D,N/D,N/D,95%,68%,0%,0%,0%,0%,0%,0%,0%,N/D,N/D,"Periodismo, TV y Reporterismo",N/D,3,4,No está entre las primeras 20,No está entre las primeras 20,No está entre las primeras 20,No está entre las primeras 20,No está entre las primeras 20,No está entre las primeras 20,No está entre las primeras 20,https://radiofonics.com/es/curso-presentador-television/,https://www.atresmediaformacion.com/curso/tecnicas-de-presentacion-en-television/,,,,,,,,N/D,N/D
curso reportero tv barcelona,14.7,N/D,N/D,N/D,100%,73%,0%,0%,0%,0%,0%,0%,0%,N/D,N/D,"Periodismo, TV y Reporterismo",N/D,1,2,No está entre las primeras 20,No está entre las primeras 20,No está entre las primeras 20,No está entre las primeras 20,No está entre las primeras 20,No está entre las primeras 20,No está entre las primeras 20,https://radiofonics.com/es/curso-presentador-television/,https://www.atresmediaformacion.com/curso/reportero-television-360/,,,,,,,,N/D,N/D
formacion portavoces barcelona,15.5,N/D,N/D,N/D,13%,0%,0%,0%,0%,0%,0%,0%,0%,N/D,N/D,Cursos de Radio,N/D,15,No está entre las primeras 20,No está entre las primeras 20,No está entre las primeras 20,No está entre las primeras 20,No está entre las primeras 20,No está entre las primeras 20,No está entre las primeras 20,No está entre las primeras 20,https://radiofonics.com/es/curso-presentador-television/,,,,,,,,,N/D,N/D
curso de presentador de tv,11.6,20,46,8.7%,96%,71%,0%,0%,0%,0%,0%,0%,0%,$4.54,$3.58,"Periodismo, TV y Reporterismo",$5.50,2,1,No está entre las primeras 20,No está entre las primeras 20,No está entre las primeras 20,No está entre las primeras 20,No está entre las primeras 20,No está entre las primeras 20,No está entre las primeras 20,https://radiofonics.com/es/curso-presentador-tv-madrid/,https://www.atresmediaformacion.com/curso/presentacion-de-programas-de-entretenimiento/,,,,,,,,0,Medio
curso presentador de television madrid,20.4,N/D,N/D,N/D,74%,68%,0%,0%,0%,0%,0%,0%,0%,N/D,N/D,"Periodismo, TV y Reporterismo",N/D,2,3,No está entre las primeras 20,No está entre las primeras 20,No está entre las primeras 20,No está entre las primeras 20,No está entre las primeras 20,No está entre las primeras 20,No está entre las primeras 20,https://radiofonics.com/es/curso-presentador-tv-madrid/,https://www.atresmediaformacion.com/curso/tecnicas-de-presentacion-en-television/,,,,,,,,N/D,N/D
curso presentador tv,11.6,20,30,10.0%,93%,73%,0%,0%,0%,0%,0%,0%,0%,$3.23,$1.63,"Periodismo, TV y Reporterismo",$4.82,2,1,No está entre las primeras 20,No está entre las primeras 20,No está entre las primeras 20,No está entre las primeras 20,No está entre las primeras 20,No está entre las primeras 20,No está entre las primeras 20,https://radiofonics.com/es/curso-presentador-tv-madrid/,https://www.atresmediaformacion.com/curso/presentacion-de-programas-de-entretenimiento/,,,,,,,,0,Alto
curso reporterismo tv,16.7,N/D,N/D,N/D,93%,73%,0%,0%,0%,0%,0%,0%,0%,N/D,N/D,"Periodismo, TV y Reporterismo",N/D,3,2,No está entre las primeras 20,No está entre las primeras 20,No está entre las primeras 20,No está entre las primeras 20,No está entre las primeras 20,No está entre las primeras 20,No está entre las primeras 20,https://radiofonics.com/es/curso-presentador-tv-madrid/,https://www.atresmediaformacion.com/curso/reportero-television-360/,,,,,,,,N/D,N/D
alquiler estudio podcast barcelona,8.1,40,20,0.0%,52%,0%,0%,0%,0%,0%,0%,0%,0%,$2.10,$1.06,Alquiler Estudios,$3.15,16,No está entre las primeras 20,No está entre las primeras 20,No está entre las primeras 20,No está entre las primeras 20,No está entre las primeras 20,No está entre las primeras 20,No está entre las primeras 20,No está entre las primeras 20,https://radiofonics.com/es/estudio-de-grabacion-de-podcast/,,,,,,,,,+40,Medio
alquiler estudio podcast barcelona centro,10.8,N/D,N/D,N/D,59%,0%,0%,0%,0%,0%,0%,0%,0%,N/D,N/D,Alquiler Estudios,N/D,9,No está entre las primeras 20,No está entre las primeras 20,No está entre las primeras 20,No está entre las primeras 20,No está entre las primeras 20,No está entre las primeras 20,No está entre las primeras 20,No está entre las primeras 20,https://radiofonics.com/es/estudio-de-grabacion-de-podcast/,,,,,,,,,N/D,N/D
alquiler estudio podcast barcelona ciutat vella,9.8,N/D,N/D,N/D,56%,0%,0%,0%,0%,0%,0%,0%,0%,N/D,N/D,Alquiler Estudios,N/D,13,No está entre las primeras 20,No está entre las primeras 20,No está entre las primeras 20,No está entre las primeras 20,No está entre las primeras 20,No está entre las primeras 20,No está entre las primeras 20,No está entre las primeras 20,https://radiofonics.com/es/estudio-de-grabacion-de-podcast/,,,,,,,,,N/D,N/D
alquiler estudio podcast barcelona con técnico,7.1,N/D,N/D,N/D,63%,0%,0%,0%,0%,0%,0%,0%,0%,N/D,N/D,Alquiler Estudios,N/D,8,No está entre las primeras 20,No está entre las primeras 20,No está entre las primeras 20,No está entre las primeras 20,No está entre las primeras 20,No está entre las primeras 20,No está entre las primeras 20,No está entre las primeras 20,https://radiofonics.com/es/estudio-de-grabacion-de-podcast/,,,,,,,,,N/D,N/D
alquiler estudio podcast barcelona eixample,14.1,N/D,N/D,N/D,38%,0%,0%,0%,0%,0%,0%,0%,0%,N/D,N/D,Alquiler Estudios,N/D,18,No está entre las primeras 20,No está entre las primeras 20,No está entre las primeras 20,No está entre las primeras 20,No está entre las primeras 20,No está entre las primeras 20,No está entre las primeras 20,No está entre las primeras 20,https://radiofonics.com/es/estudio-de-grabacion-de-podcast/,,,,,,,,,N/D,N/D
alquiler estudio podcast barcelona insonorizado,9.6,N/D,N/D,N/D,49%,0%,0%,0%,0%,0%,0%,0%,0%,N/D,N/D,Alquiler Estudios,N/D,19,No está entre las primeras 20,No está entre las primeras 20,No está entre las primeras 20,No está entre las primeras 20,No está entre las primeras 20,No está entre las primeras 20,No está entre las primeras 20,No está entre las primeras 20,https://radiofonics.com/es/estudio-de-grabacion-de-podcast/,,,,,,,,,N/D,N/D
alquiler estudio podcast barcelona por horas,9.9,N/D,N/D,N/D,55%,0%,0%,0%,0%,0%,0%,0%,0%,N/D,N/D,Alquiler Estudios,N/D,15,No está entre las primeras 20,No está entre las primeras 20,No está entre las primeras 20,No está entre las primeras 20,No está entre las primeras 20,No está entre las primeras 20,No está entre las primeras 20,No está entre las primeras 20,https://radiofonics.com/es/estudio-de-grabacion-de-podcast/,,,,,,,,,N/D,N/D
alquiler estudio podcast barcelona streaming,8.3,N/D,N/D,N/D,57%,0%,0%,0%,0%,0%,0%,0%,0%,N/D,N/D,Alquiler Estudios,N/D,13,No está entre las primeras 20,No está entre las primeras 20,No está entre las primeras 20,No está entre las primeras 20,No está entre las primeras 20,No está entre las primeras 20,No está entre las primeras 20,No está entre las primeras 20,https://radiofonics.com/es/estudio-de-grabacion-de-podcast/,,,,,,,,,N/D,N/D
alquiler estudio videopodcast barcelona,6.9,N/D,N/D,N/D,60%,0%,0%,0%,0%,0%,0%,0%,0%,N/D,N/D,Alquiler Estudios,N/D,10,No está entre las primeras 20,No está entre las primeras 20,No está entre las primeras 20,No está entre las primeras 20,No está entre las primeras 20,No está entre las primeras 20,No está entre las primeras 20,No está entre las primeras 20,https://radiofonics.com/es/estudio-de-grabacion-de-podcast/,,,,,,,,,N/D,N/D
alquiler estudio videopodcast barcelona centro,10.5,N/D,N/D,N/D,68%,0%,0%,0%,0%,0%,0%,0%,0%,N/D,N/D,Alquiler Estudios,N/D,3,No está entre las primeras 20,No está entre las primeras 20,No está entre las primeras 20,No está entre las primeras 20,No está entre las primeras 20,No está entre las primeras 20,No está entre las primeras 20,No está entre las primeras 20,https://radiofonics.com/es/estudio-de-grabacion-de-podcast/,,,,,,,,,N/D,N/D
alquiler estudio videopodcast barcelona streaming,6.2,N/D,N/D,N/D,60%,0%,0%,0%,0%,0%,0%,0%,0%,N/D,N/D,Alquiler Estudios,N/D,8,No está entre las primeras 20,No está entre las primeras 20,No está entre las primeras 20,No está entre las primeras 20,No está entre las primeras 20,No está entre las primeras 20,No está entre las primeras 20,No está entre las primeras 20,https://radiofonics.com/es/estudio-de-grabacion-de-podcast/,,,,,,,,,N/D,N/D
estudio grabacion podcast barcelona centro,11.3,N/D,N/D,N/D,60%,0%,0%,0%,0%,0%,0%,0%,0%,N/D,N/D,Alquiler Estudios,N/D,10,No está entre las primeras 20,No está entre las primeras 20,No está entre las primeras 20,No está entre las primeras 20,No está entre las primeras 20,No está entre las primeras 20,No está entre las primeras 20,No está entre las primeras 20,https://radiofonics.com/es/estudio-de-grabacion-de-podcast/,,,,,,,,,N/D,N/D
estudio podcast empresa barcelona,8.0,N/D,N/D,N/D,60%,0%,0%,0%,0%,0%,0%,0%,0%,N/D,N/D,Alquiler Estudios,N/D,10,No está entre las primeras 20,No está entre las primeras 20,No está entre las primeras 20,No está entre las primeras 20,No está entre las primeras 20,No está entre las primeras 20,No está entre las primeras 20,No está entre las primeras 20,https://radiofonics.com/es/estudio-de-grabacion-de-podcast/,,,,,,,,,N/D,N/D
estudio videopodcast centro barcelona,4.4,N/D,N/D,N/D,65%,0%,0%,0%,0%,0%,0%,0%,0%,N/D,N/D,Alquiler Estudios,N/D,6,No está entre las primeras 20,No está entre las primeras 20,No está entre las primeras 20,No está entre las primeras 20,No está entre las primeras 20,No está entre las primeras 20,No está entre las primeras 20,No está entre las primeras 20,https://radiofonics.com/es/estudio-de-grabacion-de-podcast/,,,,,,,,,N/D,N/D
grabar podcast profesional barcelona,7.6,N/D,N/D,N/D,55%,0%,0%,0%,0%,0%,0%,0%,0%,N/D,N/D,Alquiler Estudios,N/D,15,No está entre las primeras 20,No está entre las primeras 20,No está entre las primeras 20,No está entre las primeras 20,No está entre las primeras 20,No está entre las primeras 20,No está entre las primeras 20,No está entre las primeras 20,https://radiofonics.com/es/estudio-de-grabacion-de-podcast/,,,,,,,,,N/D,N/D
lloguer estudi podcast barcelona,8.2,N/D,N/D,N/D,56%,0%,0%,0%,0%,0%,0%,0%,0%,N/D,N/D,Alquiler Estudios,N/D,13,No está entre las primeras 20,No está entre las primeras 20,No está entre las primeras 20,No está entre las primeras 20,No está entre las primeras 20,No está entre las primeras 20,No está entre las primeras 20,No está entre las primeras 20,https://radiofonics.com/es/estudio-de-grabacion-de-podcast/,,,,,,,,,N/D,N/D
teambuilding radio empresa,21.8,N/D,N/D,N/D,73%,0%,0%,0%,0%,0%,0%,0%,0%,N/D,N/D,Cursos de Radio,N/D,1,No está entre las primeras 20,No está entre las primeras 20,No está entre las primeras 20,No está entre las primeras 20,No está entre las primeras 20,No está entre las primeras 20,No está entre las primeras 20,No está entre las primeras 20,https://radiofonics.com/es/experiencias-de-team-building-con-radio-y-television-liderazgo-creatividad-y-diversion/,,,,,,,,,N/D,N/D
master en radio,37.2,30,134,0.7%,53%,0%,0%,0%,0%,0%,0%,0%,0%,$4.52,$2.62,Máster 360,$6.43,17,No está entre las primeras 20,No está entre las primeras 20,No está entre las primeras 20,No está entre las primeras 20,No está entre las primeras 20,No está entre las primeras 20,No está entre las primeras 20,No está entre las primeras 20,https://radiofonics.com/es/master-periodismo-radio-television/,,,,,,,,,0,Alto
master en radio y television madrid,25.3,N/D,N/D,N/D,67%,40%,0%,0%,0%,0%,0%,0%,0%,N/D,N/D,Máster 360,N/D,3,16,No está entre las primeras 20,No está entre las primeras 20,No está entre las primeras 20,No está entre las primeras 20,No está entre las primeras 20,No está entre las primeras 20,No está entre las primeras 20,https://radiofonics.com/es/master-periodismo-radio-television/,https://www.atresmediaformacion.com/masters/,,,,,,,,N/D,N/D
master locucion y presentacion tv,24.1,N/D,N/D,N/D,34%,61%,0%,0%,0%,0%,0%,0%,0%,N/D,N/D,Máster 360,N/D,11,7,No está entre las primeras 20,No está entre las primeras 20,No está entre las primeras 20,No está entre las primeras 20,No está entre las primeras 20,No está entre las primeras 20,No está entre las primeras 20,https://radiofonics.com/es/master-periodismo-radio-television/,https://www.atresmediaformacion.com/curso/tecnicas-de-presentacion-en-television/,,,,,,,,N/D,N/D
master periodismo television,25.1,30,111,0.9%,56%,48%,0%,0%,0%,0%,0%,0%,0%,$4.19,$1.89,Máster 360,$6.49,12,16,No está entre las primeras 20,No está entre las primeras 20,No está entre las primeras 20,No está entre las primeras 20,No está entre las primeras 20,No está entre las primeras 20,No está entre las primeras 20,https://radiofonics.com/es/master-periodismo-radio-television/,https://www.atresmediaformacion.com/masters/,,,,,,,,-10,Alto
master radiofonics,37.2,10,42,40.5%,100%,0%,0%,0%,0%,0%,0%,0%,0%,$2.53,$1.56,Máster 360,$3.49,1,No está entre las primeras 20,No está entre las primeras 20,No está entre las primeras 20,No está entre las primeras 20,No está entre las primeras 20,No está entre las primeras 20,No está entre las primeras 20,No está entre las primeras 20,https://radiofonics.com/es/master-periodismo-radio-television/,,,,,,,,,+10,Medio
master radiofonics radio television,29.0,N/D,N/D,N/D,100%,0%,0%,0%,0%,0%,0%,0%,0%,N/D,N/D,Máster 360,N/D,1,No está entre las primeras 20,No está entre las primeras 20,No está entre las primeras 20,No está entre las primeras 20,No está entre las primeras 20,No está entre las primeras 20,No está entre las primeras 20,No está entre las primeras 20,https://radiofonics.com/es/master-periodismo-radio-television/,,,,,,,,,N/D,N/D
master radio y television barcelona,23.0,N/D,N/D,N/D,100%,62%,0%,0%,0%,0%,0%,0%,0%,N/D,N/D,Máster 360,N/D,1,7,No está entre las primeras 20,No está entre las primeras 20,No está entre las primeras 20,No está entre las primeras 20,No está entre las primeras 20,No está entre las primeras 20,No está entre las primeras 20,https://radiofonics.com/es/master-periodismo-radio-television/,https://www.atresmediaformacion.com/masters/,,,,,,,,N/D,N/D
master radio y tv barcelona,27.1,N/D,N/D,N/D,97%,63%,0%,0%,0%,0%,0%,0%,0%,N/D,N/D,Máster 360,N/D,1,6,No está entre las primeras 20,No está entre las primeras 20,No está entre las primeras 20,No está entre las primeras 20,No está entre las primeras 20,No está entre las primeras 20,No está entre las primeras 20,https://radiofonics.com/es/master-periodismo-radio-television/,https://www.atresmediaformacion.com/masters/,,,,,,,,N/D,N/D
precio master radiofonics,31.3,N/D,N/D,N/D,100%,0%,0%,0%,0%,0%,0%,0%,0%,N/D,N/D,Máster 360,N/D,1,No está entre las primeras 20,No está entre las primeras 20,No está entre las primeras 20,No está entre las primeras 20,No está entre las primeras 20,No está entre las primeras 20,No está entre las primeras 20,No está entre las primeras 20,https://radiofonics.com/es/master-periodismo-radio-television/,,,,,,,,,N/D,N/D
radiofonics master radio television,30.6,N/D,N/D,N/D,100%,0%,0%,0%,0%,0%,0%,0%,0%,N/D,N/D,Máster 360,N/D,1,No está entre las primeras 20,No está entre las primeras 20,No está entre las primeras 20,No está entre las primeras 20,No está entre las primeras 20,No está entre las primeras 20,No está entre las primeras 20,No está entre las primeras 20,https://radiofonics.com/es/master-periodismo-radio-television/,,,,,,,,,N/D,N/D
curso periodismo investigacion barcelona,28.8,N/D,N/D,N/D,96%,0%,0%,0%,0%,0%,0%,0%,54%,N/D,N/D,"Periodismo, TV y Reporterismo",N/D,3,No está entre las primeras 20,No está entre las primeras 20,No está entre las primeras 20,No está entre las primeras 20,No está entre las primeras 20,No está entre las primeras 20,No está entre las primeras 20,11,https://radiofonics.com/es/periodismo-de-investigacion/,,,,,,,,https://escuela.elpais.com/talleres/,N/D,N/D
edición podcast corporativo barcelona,11.8,N/D,N/D,N/D,73%,0%,0%,0%,0%,0%,0%,0%,0%,N/D,N/D,Podcast & Locución,N/D,2,No está entre las primeras 20,No está entre las primeras 20,No está entre las primeras 20,No está entre las primeras 20,No está entre las primeras 20,No está entre las primeras 20,No está entre las primeras 20,No está entre las primeras 20,https://radiofonics.com/es/podcast-corporativo-graba-en-estudio-profesional-en-barcelona/,,,,,,,,,N/D,N/D
producción podcast corporativo barcelona,10.2,N/D,N/D,N/D,75%,0%,0%,0%,0%,0%,0%,0%,0%,N/D,N/D,Podcast & Locución,N/D,1,No está entre las primeras 20,No está entre las primeras 20,No está entre las primeras 20,No está entre las primeras 20,No está entre las primeras 20,No está entre las primeras 20,No está entre las primeras 20,No está entre las primeras 20,https://radiofonics.com/es/podcast-corporativo-graba-en-estudio-profesional-en-barcelona/,,,,,,,,,N/D,N/D
como trabajar en la radio,37.3,30,44,2.3%,63%,0%,0%,0%,0%,0%,0%,0%,0%,$2.24,$0.84,Salidas laborales,$3.65,10,No está entre las primeras 20,No está entre las primeras 20,No está entre las primeras 20,No está entre las primeras 20,No está entre las primeras 20,No está entre las primeras 20,No está entre las primeras 20,No está entre las primeras 20,https://radiofonics.com/es/practicas-en-radio-como-acceder-y-destacar-desde-el-primer-dia/,,,,,,,,,0,Medio
practicas periodismo barcelona radiofonics,31.1,N/D,N/D,N/D,100%,0%,0%,0%,0%,0%,0%,0%,0%,N/D,N/D,"Periodismo, TV y Reporterismo",N/D,1,No está entre las primeras 20,No está entre las primeras 20,No está entre las primeras 20,No está entre las primeras 20,No está entre las primeras 20,No está entre las primeras 20,No está entre las primeras 20,No está entre las primeras 20,https://radiofonics.com/es/practicas/,,,,,,,,,N/D,N/D
mejores programas para formarse como presentador de tv,27.1,N/D,125,0.0%,91%,55%,0%,0%,0%,0%,0%,0%,0%,N/D,N/D,"Periodismo, TV y Reporterismo",N/D,4,11,No está entre las primeras 20,No está entre las primeras 20,No está entre las primeras 20,No está entre las primeras 20,No está entre las primeras 20,No está entre las primeras 20,No está entre las primeras 20,https://radiofonics.com/es/que-estudiar-para-ser-presentadora-de-tv/,https://www.atresmediaformacion.com/curso/presentacion-de-programas-de-entretenimiento/,,,,,,,,N/D,N/D
la ronda perversa,37.9,20,30,10.0%,69%,0%,0%,0%,0%,0%,0%,0%,0%,N/D,N/D,Podcast propio,N/D,4,No está entre las primeras 20,No está entre las primeras 20,No está entre las primeras 20,No está entre las primeras 20,No está entre las primeras 20,No está entre las primeras 20,No está entre las primeras 20,No está entre las primeras 20,https://radiofonics.com/la-ronda-perversa/,,,,,,,,,0,Bajo
la ronda perversa radiofonics,30.7,N/D,N/D,N/D,75%,0%,0%,0%,0%,0%,0%,0%,0%,N/D,N/D,Podcast propio,N/D,1,No está entre las primeras 20,No está entre las primeras 20,No está entre las primeras 20,No está entre las primeras 20,No está entre las primeras 20,No está entre las primeras 20,No está entre las primeras 20,No está entre las primeras 20,https://radiofonics.com/la-ronda-perversa/,,,,,,,,,N/D,N/D
podcast la ronda perversa,35.5,N/D,N/D,N/D,68%,0%,0%,0%,0%,0%,0%,0%,0%,N/D,N/D,Podcast propio,N/D,4,No está entre las primeras 20,No está entre las primeras 20,No está entre las primeras 20,No está entre las primeras 20,No está entre las primeras 20,No está entre las primeras 20,No está entre las primeras 20,No está entre las primeras 20,https://radiofonics.com/la-ronda-perversa/,,,,,,,,,N/D,N/D
lloguer plató televisio barcelona,11.1,N/D,N/D,N/D,30%,0%,0%,0%,0%,0%,0%,0%,0%,N/D,N/D,Alquiler Estudios,N/D,17,No está entre las primeras 20,No está entre las primeras 20,No está entre las primeras 20,No está entre las primeras 20,No está entre las primeras 20,No está entre las primeras 20,No está entre las primeras 20,No está entre las primeras 20,https://radiofonics.com/lloguer-plato-de-televisio-barcelona/,,,,,,,,,N/D,N/D
curs de periodisme d’investigació barcelona,22.5,N/D,N/D,N/D,98%,0%,0%,0%,0%,0%,0%,0%,0%,N/D,N/D,"Periodismo, TV y Reporterismo",N/D,1,No está entre las primeras 20,No está entre las primeras 20,No está entre las primeras 20,No está entre las primeras 20,No está entre las primeras 20,No está entre las primeras 20,No está entre las primeras 20,No está entre las primeras 20,https://radiofonics.com/periodisme-de-investigacio/,,,,,,,,,N/D,N/D
academia de television barcelona,45.2,N/D,N/D,N/D,0%,12%,0%,0%,0%,0%,0%,0%,0%,N/D,N/D,Escuela de comunicación,N/D,No está entre las primeras 20,No está entre las primeras 20,No está entre las primeras 20,No está entre las primeras 20,No está entre las primeras 20,No está entre las primeras 20,No está entre las primeras 20,No está entre las primeras 20,No está entre las primeras 20,,,,,,,,,,N/D,N/D
alquiler estudio chroma barcelona,13.2,N/D,N/D,N/D,0%,0%,0%,0%,0%,0%,0%,0%,0%,N/D,N/D,Alquiler Estudios,N/D,No está entre las primeras 20,No está entre las primeras 20,No está entre las primeras 20,No está entre las primeras 20,No está entre las primeras 20,No está entre las primeras 20,No está entre las primeras 20,No está entre las primeras 20,No está entre las primeras 20,,,,,,,,,,N/D,N/D
alquiler estudio podcast barcelona cámaras 4K,13.1,N/D,N/D,N/D,23%,0%,0%,0%,0%,0%,0%,0%,0%,N/D,N/D,Alquiler Estudios,N/D,No está entre las primeras 20,No está entre las primeras 20,No está entre las primeras 20,No está entre las primeras 20,No está entre las primeras 20,No está entre las primeras 20,No está entre las primeras 20,No está entre las primeras 20,No está entre las primeras 20,,,,,,,,,,N/D,N/D
alquiler estudio podcast barcelona plaza urquinaona,8.3,N/D,N/D,N/D,50%,0%,0%,0%,0%,0%,0%,0%,0%,N/D,N/D,Alquiler Estudios,N/D,No está entre las primeras 20,No está entre las primeras 20,No está entre las primeras 20,No está entre las primeras 20,No está entre las primeras 20,No está entre las primeras 20,No está entre las primeras 20,No está entre las primeras 20,No está entre las primeras 20,,,,,,,,,,N/D,N/D
alquiler estudio videopodcast barcelona plaza urquinaona,10.1,N/D,N/D,N/D,49%,0%,0%,0%,0%,0%,0%,0%,0%,N/D,N/D,Alquiler Estudios,N/D,No está entre las primeras 20,No está entre las primeras 20,No está entre las primeras 20,No está entre las primeras 20,No está entre las primeras 20,No está entre las primeras 20,No está entre las primeras 20,No está entre las primeras 20,No está entre las primeras 20,,,,,,,,,,N/D,N/D
alquiler plato con teleprompter,9.6,N/D,N/D,N/D,0%,0%,0%,0%,0%,0%,0%,0%,0%,N/D,N/D,Alquiler Estudios,N/D,No está entre las primeras 20,No está entre las primeras 20,No está entre las primeras 20,No está entre las primeras 20,No está entre las primeras 20,No está entre las primeras 20,No está entre las primeras 20,No está entre las primeras 20,No está entre las primeras 20,,,,,,,,,,N/D,N/D
alquiler plato television barcelona,8.2,N/D,N/D,N/D,0%,0%,0%,0%,0%,0%,0%,0%,0%,N/D,N/D,Alquiler Estudios,N/D,No está entre las primeras 20,No está entre las primeras 20,No está entre las primeras 20,No está entre las primeras 20,No está entre las primeras 20,No está entre las primeras 20,No está entre las primeras 20,No está entre las primeras 20,No está entre las primeras 20,,,,,,,,,,N/D,N/D
alquiler plató tv barcelona,10.5,N/D,N/D,N/D,0%,0%,0%,0%,0%,0%,0%,0%,0%,N/D,N/D,Alquiler Estudios,N/D,No está entre las primeras 20,No está entre las primeras 20,No está entre las primeras 20,No está entre las primeras 20,No está entre las primeras 20,No está entre las primeras 20,No está entre las primeras 20,No está entre las primeras 20,No está entre las primeras 20,,,,,,,,,,N/D,N/D
alquiler plató tv barcelona centro,11.9,N/D,N/D,N/D,0%,0%,0%,0%,0%,0%,0%,0%,0%,N/D,N/D,Alquiler Estudios,N/D,No está entre las primeras 20,No está entre las primeras 20,No está entre las primeras 20,No está entre las primeras 20,No está entre las primeras 20,No está entre las primeras 20,No está entre las primeras 20,No está entre las primeras 20,No está entre las primeras 20,,,,,,,,,,N/D,N/D
alquiler plató tv barcelona streaming,10.3,N/D,N/D,N/D,0%,0%,0%,0%,0%,0%,0%,0%,0%,N/D,N/D,Alquiler Estudios,N/D,No está entre las primeras 20,No está entre las primeras 20,No está entre las primeras 20,No está entre las primeras 20,No está entre las primeras 20,No está entre las primeras 20,No está entre las primeras 20,No está entre las primeras 20,No está entre las primeras 20,,,,,,,,,,N/D,N/D
aprender a hacer un podcast,47.7,N/D,N/D,N/D,0%,0%,0%,0%,0%,0%,0%,0%,0%,N/D,N/D,Podcast & Locución,N/D,No está entre las primeras 20,No está entre las primeras 20,No está entre las primeras 20,No está entre las primeras 20,No está entre las primeras 20,No está entre las primeras 20,No está entre las primeras 20,No está entre las primeras 20,No está entre las primeras 20,,,,,,,,,,N/D,N/D
aprender locucion,29.8,10,3,0.0%,43%,0%,18%,0%,0%,0%,0%,0%,0%,N/D,N/D,Cursos de Radio,N/D,No está entre las primeras 20,No está entre las primeras 20,No está entre las primeras 20,No está entre las primeras 20,No está entre las primeras 20,No está entre las primeras 20,No está entre las primeras 20,No está entre las primeras 20,No está entre las primeras 20,,,,,,,,,,0,Bajo
bolsa de trabajo comunicacion barcelona,37.2,N/D,N/D,N/D,0%,0%,0%,0%,0%,0%,0%,0%,0%,N/D,N/D,Salidas laborales,N/D,No está entre las primeras 20,No está entre las primeras 20,No está entre las primeras 20,No está entre las primeras 20,No está entre las primeras 20,No está entre las primeras 20,No está entre las primeras 20,No está entre las primeras 20,No está entre las primeras 20,,,,,,,,,,N/D,N/D
casal de radio,46.4,N/D,N/D,N/D,0%,0%,0%,0%,0%,0%,0%,0%,0%,N/D,N/D,Cursos de Radio,N/D,No está entre las primeras 20,No está entre las primeras 20,No está entre las primeras 20,No está entre las primeras 20,No está entre las primeras 20,No está entre las primeras 20,No está entre las primeras 20,No está entre las primeras 20,No está entre las primeras 20,,,,,,,,,,N/D,N/D
clases locucion,20.3,10,76,2.6%,47%,0%,0%,0%,0%,0%,0%,0%,0%,N/D,N/D,Cursos de Radio,N/D,No está entre las primeras 20,No está entre las primeras 20,No está entre las primeras 20,No está entre las primeras 20,No está entre las primeras 20,No está entre las primeras 20,No está entre las primeras 20,No está entre las primeras 20,No está entre las primeras 20,,,,,,,,,,0,Medio
curso comunicacion audiovisual barcelona,33.0,N/D,N/D,N/D,14%,48%,0%,0%,0%,0%,0%,0%,0%,N/D,N/D,Escuela de comunicación,N/D,No está entre las primeras 20,12,No está entre las primeras 20,No está entre las primeras 20,No está entre las primeras 20,No está entre las primeras 20,No está entre las primeras 20,No está entre las primeras 20,No está entre las primeras 20,,https://www.atresmediaformacion.com/,,,,,,,,N/D,N/D
curso comunicacion audiovisual madrid,39.0,N/D,N/D,N/D,0%,60%,0%,0%,0%,0%,0%,0%,0%,N/D,N/D,Escuela de comunicación,N/D,No está entre las primeras 20,9,No está entre las primeras 20,No está entre las primeras 20,No está entre las primeras 20,No está entre las primeras 20,No está entre las primeras 20,No está entre las primeras 20,No está entre las primeras 20,,https://www.atresmediaformacion.com/,,,,,,,,N/D,N/D
curso comunicacion barcelona,25.8,10,N/D,N/D,0%,0%,0%,0%,0%,0%,0%,0%,0%,$3.44,$1.66,Escuela de comunicación,$5.22,No está entre las primeras 20,No está entre las primeras 20,No está entre las primeras 20,No está entre las primeras 20,No está entre las primeras 20,No está entre las primeras 20,No está entre las primeras 20,No está entre las primeras 20,No está entre las primeras 20,,,,,,,,,,0,Alto
curso de doblaje,20.9,210,N/D,N/D,0%,0%,0%,0%,0%,0%,0%,0%,0%,$3.04,$1.00,"Periodismo, TV y Reporterismo",$5.08,No está entre las primeras 20,No está entre las primeras 20,No está entre las primeras 20,No está entre las primeras 20,No está entre las primeras 20,No está entre las primeras 20,No está entre las primeras 20,No está entre las primeras 20,No está entre las primeras 20,,,,,,,,,,0,Alto
curso de locución,24.6,140,75,5.3%,47%,0%,0%,0%,0%,0%,0%,0%,0%,$3.68,$1.49,Cursos de Radio,$5.86,No está entre las primeras 20,No está entre las primeras 20,No está entre las primeras 20,No está entre las primeras 20,No está entre las primeras 20,No está entre las primeras 20,No está entre las primeras 20,No está entre las primeras 20,No está entre las primeras 20,,,,,,,,,,0,Alto
curso de locución online,24.7,10,7,14.3%,0%,0%,0%,0%,0%,0%,0%,0%,0%,$2.88,$1.08,Cursos de Radio,$4.67,No está entre las primeras 20,No está entre las primeras 20,No está entre las primeras 20,No está entre las primeras 20,No está entre las primeras 20,No está entre las primeras 20,No está entre las primeras 20,No está entre las primeras 20,No está entre las primeras 20,,,,,,,,,,0,Alto
curso de podcast,32.7,40,205,1.5%,44%,0%,0%,0%,0%,0%,0%,0%,55%,$1.55,$0.82,Podcast & Locución,$2.29,No está entre las primeras 20,No está entre las primeras 20,No está entre las primeras 20,No está entre las primeras 20,No está entre las primeras 20,No está entre las primeras 20,No está entre las primeras 20,No está entre las primeras 20,13,,,,,,,,,https://escuela.elpais.com/talleres/podcast-en-linea/,0,Alto
curso edicion video tv,27.5,N/D,N/D,N/D,0%,34%,0%,0%,0%,0%,0%,0%,0%,N/D,N/D,"Periodismo, TV y Reporterismo",N/D,No está entre las primeras 20,No está entre las primeras 20,No está entre las primeras 20,No está entre las primeras 20,No está entre las primeras 20,No está entre las primeras 20,No está entre las primeras 20,No está entre las primeras 20,No está entre las primeras 20,,,,,,,,,,N/D,N/D
curso hablar en publico,32.0,480,N/D,N/D,0%,0%,0%,0%,0%,0%,0%,0%,0%,$3.08,$1.11,"Periodismo, TV y Reporterismo",$5.05,No está entre las primeras 20,No está entre las primeras 20,No está entre las primeras 20,No está entre las primeras 20,No está entre las primeras 20,No está entre las primeras 20,No está entre las primeras 20,No está entre las primeras 20,No está entre las primeras 20,,,,,,,,,,+150,Alto
curso hablar en publico empresas,15.9,N/D,N/D,N/D,0%,0%,0%,0%,0%,0%,0%,0%,0%,N/D,N/D,"Periodismo, TV y Reporterismo",N/D,No está entre las primeras 20,No está entre las primeras 20,No está entre las primeras 20,No está entre las primeras 20,No está entre las primeras 20,No está entre las primeras 20,No está entre las primeras 20,No está entre las primeras 20,No está entre las primeras 20,,,,,,,,,,N/D,N/D
curso locucion publicidad,13.8,N/D,N/D,N/D,42%,0%,0%,0%,0%,0%,0%,0%,0%,N/D,N/D,Cursos de Radio,N/D,No está entre las primeras 20,No está entre las primeras 20,No está entre las primeras 20,No está entre las primeras 20,No está entre las primeras 20,No está entre las primeras 20,No está entre las primeras 20,No está entre las primeras 20,No está entre las primeras 20,,,,,,,,,,N/D,N/D
curso periodismo,34.8,70,127,1.6%,19%,53%,0%,0%,0%,0%,9%,0%,71%,$2.87,$1.11,"Periodismo, TV y Reporterismo",$4.62,No está entre las primeras 20,15,No está entre las primeras 20,No está entre las primeras 20,No está entre las primeras 20,No está entre las primeras 20,No está entre las primeras 20,No está entre las primeras 20,5,,https://www.atresmediaformacion.com/curso/periodismo-digital-y-redes-sociales/,,,,,,,https://escuela.elpais.com/talleres/,+10,Alto
curso periodismo deportivo,19.5,70,N/D,N/D,0%,43%,0%,0%,0%,0%,73%,69%,0%,$2.63,$1.09,"Periodismo, TV y Reporterismo",$4.18,No está entre las primeras 20,No está entre las primeras 20,No está entre las primeras 20,No está entre las primeras 20,No está entre las primeras 20,No está entre las primeras 20,1,7,No está entre las primeras 20,,,,,,,https://unisport.es/experto-comunicacion-deportiva/,https://fundacioncope.com/curso-superior-de-periodismo-deportivo/,,0,Alto
curso periodismo deportivo barcelona,26.0,10,N/D,N/D,32%,54%,0%,0%,0%,0%,66%,0%,33%,$3.42,$1.52,"Periodismo, TV y Reporterismo",$5.32,No está entre las primeras 20,9,No está entre las primeras 20,No está entre las primeras 20,No está entre las primeras 20,No está entre las primeras 20,4,No está entre las primeras 20,No está entre las primeras 20,,https://www.atresmediaformacion.com/curso/informacion-comunicacion-deportiva-tv-presencial/,,,,,https://unisport.es/experto-comunicacion-deportiva/,,,0,Alto
curso podcast,32.7,50,102,5.9%,72%,0%,0%,0%,0%,0%,0%,0%,60%,$1.55,$0.84,Podcast & Locución,$2.26,No está entre las primeras 20,No está entre las primeras 20,No está entre las primeras 20,No está entre las primeras 20,No está entre las primeras 20,No está entre las primeras 20,No está entre las primeras 20,No está entre las primeras 20,13,,,,,,,,,https://escuela.elpais.com/talleres/podcast-en-linea/,+30,Alto
cursos comunicaciones,39.0,260,N/D,N/D,0%,46%,0%,0%,0%,0%,0%,0%,0%,$2.95,$1.28,"Periodismo, TV y Reporterismo",$4.63,No está entre las primeras 20,No está entre las primeras 20,No está entre las primeras 20,No está entre las primeras 20,No está entre las primeras 20,No está entre las primeras 20,No está entre las primeras 20,No está entre las primeras 20,No está entre las primeras 20,,,,,,,,,,+120,Alto
cursos de locucion,20.8,140,82,4.9%,48%,0%,0%,0%,0%,0%,0%,0%,0%,$3.68,$1.49,Cursos de Radio,$5.86,No está entre las primeras 20,No está entre las primeras 20,No está entre las primeras 20,No está entre las primeras 20,No está entre las primeras 20,No está entre las primeras 20,No está entre las primeras 20,No está entre las primeras 20,No está entre las primeras 20,,,,,,,,,,0,Alto
cursos de periodismo,31.9,50,101,4.0%,36%,59%,0%,0%,0%,0%,0%,0%,72%,$2.83,$1.18,"Periodismo, TV y Reporterismo",$4.49,No está entre las primeras 20,15,No está entre las primeras 20,No está entre las primeras 20,No está entre las primeras 20,No está entre las primeras 20,No está entre las primeras 20,No está entre las primeras 20,5,,https://www.atresmediaformacion.com/curso/periodismo-digital-y-redes-sociales/,,,,,,,https://escuela.elpais.com/talleres/,-10,Alto
cursos de periodismo y comunicacion,31.1,10,146,0.0%,41%,47%,0%,0%,0%,0%,0%,0%,70%,$4.00,$1.99,"Periodismo, TV y Reporterismo",$6.01,No está entre las primeras 20,No está entre las primeras 20,No está entre las primeras 20,No está entre las primeras 20,No está entre las primeras 20,No está entre las primeras 20,No está entre las primeras 20,No está entre las primeras 20,7,,,,,,,,,https://escuela.elpais.com/talleres/,0,Alto
cursos periodismo,33.7,70,121,2.5%,41%,63%,0%,0%,0%,0%,9%,0%,73%,$2.87,$1.11,"Periodismo, TV y Reporterismo",$4.62,No está entre las primeras 20,14,No está entre las primeras 20,No está entre las primeras 20,No está entre las primeras 20,No está entre las primeras 20,No está entre las primeras 20,No está entre las primeras 20,4,,https://www.atresmediaformacion.com/curso/periodismo-digital-y-redes-sociales/,,,,,,,https://escuela.elpais.com/talleres/,+10,Alto
escola de radio,34.0,10,5,20.0%,49%,0%,0%,0%,0%,0%,0%,0%,0%,N/D,N/D,Cursos de Radio,N/D,No está entre las primeras 20,No está entre las primeras 20,No está entre las primeras 20,No está entre las primeras 20,No está entre las primeras 20,No está entre las primeras 20,No está entre las primeras 20,No está entre las primeras 20,No está entre las primeras 20,,,,,,,,,,+10,Bajo
escuela de comunicacion barcelona,35.3,N/D,N/D,N/D,0%,0%,0%,0%,0%,0%,0%,0%,9%,N/D,N/D,Escuela de comunicación,N/D,No está entre las primeras 20,No está entre las primeras 20,No está entre las primeras 20,No está entre las primeras 20,No está entre las primeras 20,No está entre las primeras 20,No está entre las primeras 20,No está entre las primeras 20,No está entre las primeras 20,,,,,,,,,,N/D,N/D
escuela de comunicacion madrid,24.3,N/D,N/D,N/D,0%,35%,0%,0%,0%,0%,0%,0%,0%,N/D,N/D,Escuela de comunicación,N/D,No está entre las primeras 20,No está entre las primeras 20,No está entre las primeras 20,No está entre las primeras 20,No está entre las primeras 20,No está entre las primeras 20,No está entre las primeras 20,No está entre las primeras 20,No está entre las primeras 20,,,,,,,,,,N/D,N/D
escuela de locución,13.4,N/D,3,33.3%,43%,0%,0%,0%,0%,0%,0%,0%,0%,N/D,N/D,Cursos de Radio,N/D,No está entre las primeras 20,No está entre las primeras 20,No está entre las primeras 20,No está entre las primeras 20,No está entre las primeras 20,No está entre las primeras 20,No está entre las primeras 20,No está entre las primeras 20,No está entre las primeras 20,,,,,,,,,,N/D,N/D
escuela de periodismo barcelona,35.8,N/D,N/D,N/D,23%,0%,0%,0%,0%,0%,0%,0%,15%,N/D,N/D,Escuela de comunicación,N/D,No está entre las primeras 20,No está entre las primeras 20,No está entre las primeras 20,No está entre las primeras 20,No está entre las primeras 20,No está entre las primeras 20,No está entre las primeras 20,No está entre las primeras 20,No está entre las primeras 20,,,,,,,,,,N/D,N/D
estudio grabacion con realizador,10.3,N/D,N/D,N/D,0%,0%,0%,0%,0%,0%,0%,0%,0%,N/D,N/D,Alquiler Estudios,N/D,No está entre las primeras 20,No está entre las primeras 20,No está entre las primeras 20,No está entre las primeras 20,No está entre las primeras 20,No está entre las primeras 20,No está entre las primeras 20,No está entre las primeras 20,No está entre las primeras 20,,,,,,,,,,N/D,N/D
estudio grabacion radio barcelona,6.4,N/D,N/D,N/D,42%,0%,0%,0%,0%,0%,0%,0%,0%,N/D,N/D,Alquiler Estudios,N/D,No está entre las primeras 20,No está entre las primeras 20,No está entre las primeras 20,No está entre las primeras 20,No está entre las primeras 20,No está entre las primeras 20,No está entre las primeras 20,No está entre las primeras 20,No está entre las primeras 20,,,,,,,,,,N/D,N/D
estudios de radio,34.7,320,145,0.0%,0%,0%,0%,0%,0%,0%,0%,0%,0%,N/D,N/D,Alquiler Estudios,N/D,No está entre las primeras 20,No está entre las primeras 20,No está entre las primeras 20,No está entre las primeras 20,No está entre las primeras 20,No está entre las primeras 20,No está entre las primeras 20,No está entre las primeras 20,No está entre las primeras 20,,,,,,,,,,+310,Bajo
formacion comunicacion corporativa,30.7,10,N/D,N/D,0%,0%,0%,0%,0%,0%,0%,0%,0%,$6.26,$3.00,"Periodismo, TV y Reporterismo",$9.53,No está entre las primeras 20,No está entre las primeras 20,No está entre las primeras 20,No está entre las primeras 20,No está entre las primeras 20,No está entre las primeras 20,No está entre las primeras 20,No está entre las primeras 20,No está entre las primeras 20,,,,,,,,,,0,Alto
grabación de podcast barcelona,4.4,N/D,98,1.0%,18%,0%,0%,0%,0%,0%,0%,0%,0%,N/D,N/D,Alquiler Estudios,N/D,No está entre las primeras 20,No está entre las primeras 20,No está entre las primeras 20,No está entre las primeras 20,No está entre las primeras 20,No está entre las primeras 20,No está entre las primeras 20,No está entre las primeras 20,No está entre las primeras 20,,,,,,,,,,N/D,N/D
insercion laboral comunicacion audiovisual,37.3,N/D,N/D,N/D,0%,0%,0%,0%,0%,0%,0%,0%,0%,N/D,N/D,Salidas laborales,N/D,No está entre las primeras 20,No está entre las primeras 20,No está entre las primeras 20,No está entre las primeras 20,No está entre las primeras 20,No está entre las primeras 20,No está entre las primeras 20,No está entre las primeras 20,No está entre las primeras 20,,,,,,,,,,N/D,N/D
locutor radio,38.4,210,64,1.6%,12%,0%,0%,0%,0%,0%,0%,0%,0%,N/D,N/D,Cursos de Radio,N/D,No está entre las primeras 20,No está entre las primeras 20,No está entre las primeras 20,No está entre las primeras 20,No está entre las primeras 20,No está entre las primeras 20,No está entre las primeras 20,No está entre las primeras 20,No está entre las primeras 20,,,,,,,,,,+30,Bajo
master360,40.5,10,5,20.0%,50%,0%,0%,0%,0%,0%,0%,0%,0%,N/D,N/D,Máster 360,N/D,No está entre las primeras 20,No está entre las primeras 20,No está entre las primeras 20,No está entre las primeras 20,No está entre las primeras 20,No está entre las primeras 20,No está entre las primeras 20,No está entre las primeras 20,No está entre las primeras 20,,,,,,,,,,0,Bajo
master 360,44.7,10,94,3.2%,47%,0%,0%,0%,0%,0%,0%,0%,0%,N/D,N/D,Máster 360,N/D,No está entre las primeras 20,No está entre las primeras 20,No está entre las primeras 20,No está entre las primeras 20,No está entre las primeras 20,No está entre las primeras 20,No está entre las primeras 20,No está entre las primeras 20,No está entre las primeras 20,,,,,,,,,,0,Bajo
master audiovisual,37.2,170,N/D,N/D,0%,0%,0%,0%,0%,0%,0%,0%,0%,$3.33,$1.57,Máster 360,$5.08,No está entre las primeras 20,No está entre las primeras 20,No está entre las primeras 20,No está entre las primeras 20,No está entre las primeras 20,No está entre las primeras 20,No está entre las primeras 20,No está entre las primeras 20,No está entre las primeras 20,,,,,,,,,,+20,Alto
master comunicacion,38.0,480,N/D,N/D,0%,0%,0%,0%,0%,0%,0%,0%,0%,$6.87,$3.54,Máster 360,$10.20,No está entre las primeras 20,No está entre las primeras 20,No está entre las primeras 20,No está entre las primeras 20,No está entre las primeras 20,No está entre las primeras 20,No está entre las primeras 20,No está entre las primeras 20,No está entre las primeras 20,,,,,,,,,,+70,Medio
master comunicación,39.6,480,N/D,N/D,0%,0%,0%,0%,0%,0%,0%,0%,0%,$6.87,$3.54,Máster 360,$10.20,No está entre las primeras 20,No está entre las primeras 20,No está entre las primeras 20,No está entre las primeras 20,No está entre las primeras 20,No está entre las primeras 20,No está entre las primeras 20,No está entre las primeras 20,No está entre las primeras 20,,,,,,,,,,+70,Medio
master comunicacion audiovisual barcelona,28.6,10,N/D,N/D,15%,0%,0%,0%,0%,0%,0%,0%,0%,$2.61,$1.41,Máster 360,$3.80,No está entre las primeras 20,No está entre las primeras 20,No está entre las primeras 20,No está entre las primeras 20,No está entre las primeras 20,No está entre las primeras 20,No está entre las primeras 20,No está entre las primeras 20,No está entre las primeras 20,,,,,,,,,,0,Alto
master en periodismo,32.1,590,N/D,N/D,0%,0%,0%,0%,0%,0%,0%,0%,0%,$4.28,$2.29,Máster 360,$6.26,No está entre las primeras 20,No está entre las primeras 20,No está entre las primeras 20,No está entre las primeras 20,No está entre las primeras 20,No está entre las primeras 20,No está entre las primeras 20,No está entre las primeras 20,No está entre las primeras 20,,,,,,,,,,+110,Alto
master en periodismo deportivo,30.1,590,N/D,N/D,0%,0%,0%,0%,0%,0%,0%,20%,0%,$8.20,$2.97,Máster 360,$13.44,No está entre las primeras 20,No está entre las primeras 20,No está entre las primeras 20,No está entre las primeras 20,No está entre las primeras 20,No está entre las primeras 20,No está entre las primeras 20,No está entre las primeras 20,No está entre las primeras 20,,,,,,,,,,0,Alto
master periodismo audiovisual barcelona,35.6,N/D,N/D,N/D,65%,48%,0%,0%,0%,0%,0%,0%,0%,N/D,N/D,Máster 360,N/D,No está entre las primeras 20,10,No está entre las primeras 20,No está entre las primeras 20,No está entre las primeras 20,No está entre las primeras 20,No está entre las primeras 20,No está entre las primeras 20,No está entre las primeras 20,,https://www.atresmediaformacion.com/masters/,,,,,,,,N/D,N/D
master radio,34.6,70,112,0.9%,21%,0%,0%,0%,0%,0%,0%,0%,0%,$2.87,$1.14,Máster 360,$4.59,No está entre las primeras 20,No está entre las primeras 20,No está entre las primeras 20,No está entre las primeras 20,No está entre las primeras 20,No está entre las primeras 20,No está entre las primeras 20,No está entre las primeras 20,No está entre las primeras 20,,,,,,,,,,+10,Medio
masters en periodismo deportivo,31.4,590,N/D,N/D,0%,0%,0%,0%,0%,0%,0%,0%,0%,$7.36,$2.82,Máster 360,$11.90,No está entre las primeras 20,No está entre las primeras 20,No está entre las primeras 20,No está entre las primeras 20,No está entre las primeras 20,No está entre las primeras 20,No está entre las primeras 20,No está entre las primeras 20,No está entre las primeras 20,,,,,,,,,,+90,Medio
periodismo musical carrera,32.0,20,19,21.1%,0%,0%,0%,0%,0%,0%,0%,0%,0%,N/D,N/D,"Periodismo, TV y Reporterismo",N/D,No está entre las primeras 20,No está entre las primeras 20,No está entre las primeras 20,No está entre las primeras 20,No está entre las primeras 20,No está entre las primeras 20,No está entre las primeras 20,No está entre las primeras 20,No está entre las primeras 20,,,,,,,,,,+60,Bajo
practicas en medios de comunicacion barcelona,36.9,N/D,N/D,N/D,0%,0%,0%,0%,0%,0%,0%,0%,0%,N/D,N/D,Salidas laborales,N/D,No está entre las primeras 20,No está entre las primeras 20,No está entre las primeras 20,No está entre las primeras 20,No está entre las primeras 20,No está entre las primeras 20,No está entre las primeras 20,No está entre las primeras 20,No está entre las primeras 20,,,,,,,,,,N/D,N/D
radiofonic,45.2,10,55,16.4%,75%,0%,0%,0%,0%,0%,0%,0%,0%,N/D,N/D,Marca,N/D,No está entre las primeras 20,No está entre las primeras 20,No está entre las primeras 20,No está entre las primeras 20,No está entre las primeras 20,No está entre las primeras 20,No está entre las primeras 20,No está entre las primeras 20,No está entre las primeras 20,,,,,,,,,,+10,Bajo
salidas laborales periodismo audiovisual,29.8,N/D,N/D,N/D,0%,0%,0%,0%,0%,0%,0%,0%,0%,N/D,N/D,Salidas laborales,N/D,No está entre las primeras 20,No está entre las primeras 20,No está entre las primeras 20,No está entre las primeras 20,No está entre las primeras 20,No está entre las primeras 20,No está entre las primeras 20,No está entre las primeras 20,No está entre las primeras 20,,,,,,,,,,N/D,N/D
salidas profesionales radio y television,30.1,N/D,N/D,N/D,0%,0%,0%,0%,0%,0%,0%,0%,0%,N/D,N/D,Salidas laborales,N/D,No está entre las primeras 20,No está entre las primeras 20,No está entre las primeras 20,No está entre las primeras 20,No está entre las primeras 20,No está entre las primeras 20,No está entre las primeras 20,No está entre las primeras 20,No está entre las primeras 20,,,,,,,,,,N/D,N/D
taller de podcast,25.9,40,67,0.0%,0%,0%,0%,0%,0%,0%,0%,0%,73%,$1.37,$0.77,Podcast & Locución,$1.97,No está entre las primeras 20,No está entre las primeras 20,No está entre las primeras 20,No está entre las primeras 20,No está entre las primeras 20,No está entre las primeras 20,No está entre las primeras 20,No está entre las primeras 20,2,,,,,,,,,https://escuela.elpais.com/talleres/podcast-en-linea/,+30,Bajo
talleres de podcast,22.7,N/D,80,1.2%,41%,0%,0%,0%,0%,0%,0%,0%,73%,N/D,N/D,Podcast & Locución,N/D,No está entre las primeras 20,No está entre las primeras 20,No está entre las primeras 20,No está entre las primeras 20,No está entre las primeras 20,No está entre las primeras 20,No está entre las primeras 20,No está entre las primeras 20,2,,,,,,,,,https://escuela.elpais.com/talleres/podcast-en-linea/,N/D,N/D
talleres de radio,28.2,110,18,5.6%,54%,0%,0%,0%,0%,0%,0%,0%,0%,N/D,N/D,Cursos de Radio,N/D,No está entre las primeras 20,No está entre las primeras 20,No está entre las primeras 20,No está entre las primeras 20,No está entre las primeras 20,No está entre las primeras 20,No está entre las primeras 20,No está entre las primeras 20,No está entre las primeras 20,,,,,,,,,,+40,Bajo